{
  "min": -0.758641242980957,
  "max": 0.8082020878791809,
  "mean": -0.005714240949600935,
  "std": 0.25708436965942383,
  "relief": 1.5668432712554932,
  "slope_mean": 0.1019216850399971,
  "slope_p95": 0.20203131437301636,
  "slope_p99": 0.25264525413513184,
  "laplacian_abs_mean": 0.06296466290950775
}
